{
    "matches": [
        {
            "num": 1,
            "team1": "Team 1",
            "team2": "Team 8",
            "score1": 10,
            "score2": 11
        },
        {
            "num": 2,
            "team1": "Team 2",
            "team2": "Team 7",
            "score1": 5,
            "score2": 3
        },
        {
            "num": 3,
            "team1": "Team 3",
            "team2": "Team 6",
            "score1": 60,
            "score2": 70
        },
        {
            "num": 4,
            "team1": "Team 4",
            "team2": "Team 5",
            "score1": 100,
            "score2": 80
        },
        {
            "num": 5,
            "team1": "Team 2",
            "team2": "Team 2",
            "score1": 10,
            "score2": 5
        },
        {
            "num": 6,
            "team1": "Team 6",
            "team2": "Team 4",
            "score1": 5,
            "score2": 3
        },
        {
            "num": 7,
            "team1": "Team 6",
            "team2": "Team 6",
            "score1": 10,
            "score2": 5
        }
    ]
}
