{
	"matches": [{
			"num": 1,
			"team1": "LGB",
			"team2": "NIP",
			"score1": 1,
			"score2": 2
		},
		{
			"num": 2,
			"team1": "CPH Wolves",
			"team2": "VeryGames",
			"score1": 1,
			"score2": 2
		},
		{
			"num": 3,
			"team1": "fnatic",
			"team2": "Recursive",
			"score1": 2,
			"score2": 1
		},
		{
			"num": 4,
			"team1": "Astana Dragons",
			"team2": "Complexity",
			"score1": 1,
			"score2": 2
		},
		{
			"num": 5,
			"team1": "NIP",
			"team2": "VeryGames",
			"score1": 2,
			"score2": 1
		},
		{
			"num": 6,
			"team1": "fnatic",
			"team2": "Complexity",
			"score1": 2,
			"score2": 1
		},
		{
			"num": 7,
			"team1": "fnatic",
			"team2": "NIP",
			"score1": 2,
			"score2": 1
		}
	]
}